{"initial_reset_timestamp": 378.546071361, "timestamps": [380.539738782, 385.818182309, 387.333289487, 394.670613667, 396.690126292, 400.658953274, 404.125057676], "episode_lengths": [49, 131, 38, 195, 52, 95, 98], "episode_rewards": [13.199999999999985, 52.0000000000001, 8.599999999999994, 81.6000000000002, 12.99999999999999, 36.00000000000002, 33.40000000000003], "episode_types": ["t", "t", "t", "t", "t", "t", "t"]}